<!--
  Licensed to the Apache Software Foundation (ASF) under one   
  or more contributor license agreements.  See the NOTICE file 
  distributed with this work for additional information        
  regarding copyright ownership.  The ASF licenses this file   
  to you under the Apache License, Version 2.0 (the            
  "License"); you may not use this file except in compliance   
  with the License.  You may obtain a copy of the License at   
                                                               
    http://www.apache.org/licenses/LICENSE-2.0                 
                                                               
  Unless required by applicable law or agreed to in writing,   
  software distributed under the License is distributed on an  
  "AS IS" BASIS, WITHOUT WARRANTIES OR CONDITIONS OF ANY       
  KIND, either express or implied.  See the License for the    
  specific language governing permissions and limitations      
  under the License.                                           
 -->

<!-- See http://james.apache.org/server/3/config.html for usage -->

<smtpservers>
  <smtpserver enabled="true">
    <jmxName>smtpserver</jmxName>
    <bind>0.0.0.0:25</bind>
    <connectionBacklog>200</connectionBacklog>
    <tls socketTLS="false" startTLS="false">
      <keystore>file://conf/keystore</keystore>
      <secret>yoursecret</secret>
      <provider>org.bouncycastle.jce.provider.BouncyCastleProvider</provider>
    </tls>
    <connectiontimeout>360</connectiontimeout>
    <connectionLimit> 0 </connectionLimit>
    <connectionLimitPerIP> 0 </connectionLimitPerIP>
    <authorizedAddresses>127.0.0.0/8</authorizedAddresses>
    <authRequired>true</authRequired>
    <verifyIdentity>true</verifyIdentity>
    <maxmessagesize>0</maxmessagesize>
    <addressBracketsEnforcement>true</addressBracketsEnforcement>
    <handlerchain enableJmx="true">
      <handler class="org.apache.james.smtpserver.fastfail.ValidRcptHandler"/>
      <handler class="org.apache.james.smtpserver.CoreCmdHandlerLoader"/>       
    </handlerchain>            
  </smtpserver>
</smtpservers>
